Activity score,Peptide Sequence,Source,Affinity（kcal/mol）
0.963525,PPPPPPPPA,PEP-fold4,-10.6
0.872783,PPPSPPPV,PEP-fold4,-10.2
0.947396,PPPPPY,PEP-fold4,-10.1
0.85978,CPPPPAAY,PEP-fold4,-9.8
0.855924,YPPPPPVY,PEP-fold4,-9.7
0.824284,NVLVEFYAPWCGHCK,PEP-fold4,-9.5
0.86466,LSPFR,PEP-fold4,-9.3
0.848354,AFLPR,PEP-fold4,-9.3
0.940178,GAPPCVRW,PEP-fold4,-9.2
0.948608,FSPQW,PEP-fold4,-8.9
0.880077,PSPPPPA,PEP-fold4,-8.9
0.860964,SPPPPAY,PEP-fold4,-8.9
0.991037,DFF,PYMOL,-8.8
0.811196,WHSPR,PEP-fold4,-8.8
0.883483,PPPPPV,PEP-fold4,-8.7
0.826245,GPLY,PYMOL,-8.6
0.934478,CPPPPA,PEP-fold4,-8.5
0.902432,PQDPGF,PEP-fold4,-8.5
0.865348,SPPPPA,PEP-fold4,-8.5
0.942825,APPCVRW,PEP-fold4,-8.5
0.998829,FW,PYMOL,-8.4
0.879622,PSPPPPALPPPPPYY,PEP-fold4,-8.4
0.883686,GGSPLQSPRGF,PEP-fold4,-8.4
0.931627,PSGW,PYMOL,-8.2
0.876745,PPPPA,PEP-fold4,-8.2
0.981812,YF,PYMOL,-8.1
0.868084,SPQW,PYMOL,-8.0 
0.886579,RSPF,PYMOL,-7.9
0.927462,MARW,PYMOL,-7.8
0.96759,LGW,PYMOL,-7.8
0.835842,LNF,PYMOL,-7.8
0.805333,FLK,PYMOL,-7.7
0.942098,CGGCSPCGGADCPVLY,PEP-fold4,-7.7
0.906035,SRF,PYMOL,-7.6
0.989324,GPF,PYMOL,-7.6
0.879563,WCGHCK,PEP-fold4,-7.6
0.845226,FTP,PYMOL,-7.5
0.868323,QSPRGF,PEP-fold4,-7.5
0.992911,PW,PYMOL,-7.5
0.978386,RW,PYMOL,-7.5
0.860868,KCGGCSPCGGA,PEP-fold4,-7.5
0.801798,WCGHCKK,PEP-fold4,-7.5
0.985244,LW,PYMOL,-7.5
0.966955,APW,PYMOL,-7.5
0.870822,GSGCPNGL,PEP-fold4,-7.4
0.93391,SW,PYMOL,-7.4
0.922398,KPF,PYMOL,-7.4
0.853938,PPPA,PYMOL,-7.4
0.825075,PGY,PYMOL,-7.4
0.846954,FDR,PYMOL,-7.4
0.938892,SICF,PYMOL,-7.4
0.939716,MARF,PYMOL,-7.3
0.986934,LF,PYMOL,-7.3
0.960211,SPF,PYMOL,-7.3
0.96537,RCGW,PYMOL,-7.3
0.962418,LFTACAAFASLWFLW,PEP-fold4,-7.3
0.989567,FL,PYMOL,-7.2
0.946135,QF,PYMOL,-7.2
0.985719,FR,PYMOL,-7.2
0.802746,PPCV,PYMOL,-7.2
0.982402,FY,PYMOL,-7.1
0.838905,YCPPPPAA,PEP-fold4,-7.1
0.986556,RF,PYMOL,-7.1
0.931097,NCPPPPY,PEP-fold4,-7.1
0.962673,MPPPPL,PEP-fold4,-7.1
0.934072,GQF,PYMOL,-7.1
0.899269,PMY,PYMOL,-7
0.817758,CSTPCKVATGHCGSW,PEP-fold4,-7.0 
0.820062,IAF,PYMOL,-7
0.871158,FKP,PYMOL,-6.9
0.845852,GVF,PYMOL,-6.9
0.922094,FD,PYMOL,-6.8
0.941145,NF,PYMOL,-6.8
0.837551,CVMLLCQGSMAQLF,PEP-fold4,-6.8
0.826678,TF,PYMOL,-6.7
0.815398,VF,PYMOL,-6.7
0.843478,MY,PYMOL,-6.6
0.9669,AW,PYMOL,-6.6
0.974128,GFR,PYMOL,-6.5
0.811148,PL,PYMOL,-6.4
0.910067,MMR,PYMOL,-6.3
0.990749,CGW,PYMOL,-6.3
0.886515,LMP,PYMOL,-6.1
0.922363,MPL,PYMOL,-6.1
0.954769,GAF,PYMOL,-6.1
0.814993,GGY,PYMOL,-6
0.99641,CF,PYMOL,-5.9
0.884708,MGL,PYMOL,-5.9
0.849148,MR,PYMOL,-5.9
0.84234,DAGF,PYMOL,-5.9
0.831032,CY,PYMOL,-5.8
0.879917,CL,PYMOL,-5.6
0.833615,GCPA,PYMOL,-5.6
0.840738,LC,PYMOL,-5.5
0.808777,GL,PYMOL,-5.5
0.994712,GF,PYMOL,-5.3
0.876916,CGL,PYMOL,-4.9
0.88736,GG,PYMOL,-4
0.948796,SF,PYMOL,/
0.916911,SAICLF,PEP-fold4,/
0.84012,STGPF,PEP-fold4,/
